<?xml version="1.0" encoding="UTF-8"?>

<!-- New XML document created with EditiX XML Editor (http://www.editix.com) at Sat Mar 20 11:54:27 WET 2021 -->

<persona xmlns="http://www.misitio.com" 
xmlns:xsi="http://www.w3.org/2001/XMLSchema-instance" 
xsi:schemaLocation="http://www.misitio.com 2.xsd">
	<nombre>Maria</nombre>
	<apellidos>Ruiz</apellidos>
	<edad>15</edad>
	<fechanacimiento>2016-06-26</fechanacimiento>
</persona>

<!-- Prueba  a  poner Maria en  la etiqueta  edad  y  valida  el documento. ¿Qué error se obtiene?. -->
<!-- Se obtienen dos errores: -->
<!-- cvc-datatype-valid.1.2.2: 'Maria' is not a valid value for 'integer'. -->
<!-- cvc-type.3.1.3: The value 'Maria' of element 'edad' is not valid. -->

<!-- ¿Y si ponemos Arturo en la etiqueta fechanacimiento? -->
<!-- cvc-datatype-valid.1.2.1: 'Arturo' is not a valid value for 'date'. -->
<!-- cvc-type.3.1.3: The value 'Arturo' of element 'fechanacimiento' is not valid. -->
