<?xml version="1.0" encoding="UTF-8"?>

<!-- New XML document created with EditiX XML Editor (http://www.editix.com) at Sat Mar 20 11:54:27 WET 2021 -->

<persona xmlns="http://www.misitio.com" 
xmlns:xsi="http://www.w3.org/2001/XMLSchema-instance" 
xsi:schemaLocation="http://www.misitio.com 4.xsd">
	<nombre>Maria</nombre>
	<apellidos>Ruiz</apellidos>
	<edad>20</edad>
	<fechanacimiento>2016-06-26</fechanacimiento>
</persona>

<!--   Prueba  el  resultado  indicando  en  el  XML  que  la persona tiene 63 años. 
¿Qué error se obtiene? -->

<!-- Nos da error ya que el valor 63 supera el maximo permitido de 50  -->
<!-- Los errores son: -->
<!-- cvc-maxInclusive-valid: Value '63' is not facet-valid with respect to maxInclusive '50' 
for type '#AnonType edadpersona'. -->
<!-- cvc-type.3.1.3: the value '63' of element 'edad is not valid'. -->
